date,repository,stars,forks,watchers,open_issues,language,views,unique_views,clones,unique_clones
2026-07-06,Activity-Tracker,2,0,0,0,Python,0,0,2,2
2026-07-06,Airflow-E2E-DevEnv,1,0,0,0,Python,9,3,9,7
2026-07-06,Airflow-Template,1,0,1,0,Python,0,0,1,1
2026-07-06,Ansible-Deploy-To-Edge,1,0,0,0,Python,1,1,1,1
2026-07-06,CAED,1,0,0,0,Python,0,0,4,3
2026-07-06,Cloudflare-Dockerization,1,0,1,0,Python,0,0,3,2
2026-07-06,Crawler-Keywords-And-Use-LineBot,1,0,1,0,Python,1,1,3,3
2026-07-06,Database-Template,1,0,1,0,Python,0,0,1,1
2026-07-06,Docker-Registry-Server,1,0,0,0,,0,0,1,1
2026-07-06,Downloads-YouTube-To-MP3-4,3,0,1,0,Python,21,14,1,1
2026-07-06,Forex-Get-Quotes,3,0,1,0,Python,1,1,1,1
2026-07-06,How-To-Use-Clone-Shields,2,0,1,0,Python,22,1,3,3
2026-07-06,Junwu0615,1,0,1,0,Python,11,2,510,176
2026-07-06,Junwu0615-Analytics,1,0,0,0,Python,0,0,0,0
2026-07-06,Junwu0615.github.io,1,0,1,0,HTML,0,0,1,1
2026-07-06,LCII-Rec-Model,2,0,1,0,Python,0,0,1,1
2026-07-06,Latency-Throughput-Simulation-Test,1,0,0,0,Python,0,0,3,3
2026-07-06,LeetCode-Practice-Record,1,0,1,0,Python,0,0,1,1
2026-07-06,LeetCode-Record-Sharing-Method,1,0,1,0,Python,0,0,2,2
2026-07-06,My-English-Learning-Journey,1,0,0,0,,0,0,4,4
2026-07-06,NGROK-Dockerization,1,0,1,0,Python,1,1,5,4
2026-07-06,NVDA-Price-Stock-Prediction,1,0,1,0,Python,1,1,1,1
2026-07-06,One-Click-Database-Deployment,1,0,1,0,Python,2,1,3,3
2026-07-06,Other,1,0,1,0,Python,1,1,3,2
2026-07-06,PC-Activity-Tracker,1,0,0,0,Python,3,1,573,200
2026-07-06,PC-Bot-With-GenAI,4,0,1,0,Python,4,2,12,6
2026-07-06,PG-APP-Core,1,0,0,0,Python,26,3,53,30
2026-07-06,PG-Airflow-DAGs,1,0,0,0,Python,16,3,8,8
2026-07-06,PG-Analytics,1,0,0,0,Python,333,2,886,288
2026-07-06,PG-Core,1,0,0,0,,62,1,268,110
2026-07-06,PG-Cortex,1,0,0,0,,30,2,40,25
2026-07-06,PG-Edge-Container,1,0,0,0,Makefile,13,1,18,14
2026-07-06,PG-Infrastructure,1,0,0,0,Makefile,67,4,172,72
2026-07-06,PG-Sentinel,1,0,0,0,,24,2,31,24
2026-07-06,PG-Shared-Lib,1,0,0,0,Python,19,3,24,15
2026-07-06,PG-Synapse,1,0,0,0,,25,3,47,30
2026-07-06,Parsing-Media-From-JVID,8,3,1,1,Python,290,119,7,7
2026-07-06,Parsing-Media-From-PornHub,3,1,1,0,Python,1,1,2,2
2026-07-06,Platform-Genesis,2,0,0,0,Makefile,352,21,672,257
2026-07-06,RAG-With-LangChain-And-FAISS,1,0,1,0,Jupyter Notebook,8,3,4,3
2026-07-06,RESTful-API-FastAPI,1,0,1,0,Python,0,0,3,2
2026-07-06,ROI-Tool,1,0,1,0,Python,0,0,2,2
2026-07-06,The-First-PHP-Login-System,2,0,1,0,CSS,2,2,1,1
2026-07-06,Using-Streamlit-Create-Dashboard,1,0,1,0,Python,0,0,2,2
2026-07-06,Web-Crawler-Download-Img,1,0,1,0,Python,0,0,2,2
2026-07-06,Web-Crawler-FamilyMart-Shop,1,0,1,0,Python,0,0,4,3
2026-07-06,Web-Crawler-News,1,0,1,0,Python,1,1,2,2
2026-07-06,github-readme-terminal,1,0,0,0,,0,0,2,2
2026-07-07,Activity-Tracker,2,0,0,0,Python,0,0,2,2
2026-07-07,Airflow-E2E-DevEnv,1,0,0,0,Python,9,3,10,8
2026-07-07,Airflow-Template,1,0,1,0,Python,0,0,1,1
2026-07-07,Ansible-Deploy-To-Edge,1,0,0,0,Python,1,1,1,1
2026-07-07,CAED,1,0,0,0,Python,0,0,4,3
2026-07-07,Cloudflare-Dockerization,1,0,1,0,Python,0,0,3,2
2026-07-07,Crawler-Keywords-And-Use-LineBot,1,0,1,0,Python,1,1,2,2
2026-07-07,Database-Template,1,0,1,0,Python,1,1,0,0
2026-07-07,Docker-Registry-Server,1,0,0,0,,0,0,1,1
2026-07-07,Downloads-YouTube-To-MP3-4,3,0,1,0,Python,20,13,1,1
2026-07-07,Forex-Get-Quotes,3,0,1,0,Python,2,1,1,1
2026-07-07,How-To-Use-Clone-Shields,2,0,1,0,Python,22,1,2,2
2026-07-07,Junwu0615,1,0,1,0,Python,17,3,492,166
2026-07-07,Junwu0615-Analytics,1,0,0,0,Python,12,2,52,31
2026-07-07,Junwu0615.github.io,1,0,1,0,HTML,0,0,1,1
2026-07-07,LCII-Rec-Model,2,0,1,0,Python,0,0,1,1
2026-07-07,Latency-Throughput-Simulation-Test,1,0,0,0,Python,0,0,2,2
2026-07-07,LeetCode-Practice-Record,1,0,1,0,Python,0,0,1,1
2026-07-07,LeetCode-Record-Sharing-Method,1,0,1,0,Python,0,0,2,2
2026-07-07,My-English-Learning-Journey,1,0,0,0,,0,0,4,4
2026-07-07,NGROK-Dockerization,1,0,1,0,Python,1,1,6,5
2026-07-07,NVDA-Price-Stock-Prediction,1,0,1,0,Python,1,1,0,0
2026-07-07,One-Click-Database-Deployment,1,0,1,0,Python,2,1,3,3
2026-07-07,Other,1,0,1,0,Python,1,1,2,1
2026-07-07,PC-Activity-Tracker,1,0,0,0,Python,3,1,536,189
2026-07-07,PC-Bot-With-GenAI,4,0,1,0,Python,4,2,13,7
2026-07-07,PG-APP-Core,1,0,0,0,Python,21,3,44,26
2026-07-07,PG-Airflow-DAGs,1,0,0,0,Python,12,3,5,5
2026-07-07,PG-Analytics,1,0,0,0,Python,342,3,964,312
2026-07-07,PG-Core,1,0,0,0,,75,2,294,120
2026-07-07,PG-Cortex,1,0,0,0,,30,2,40,25
2026-07-07,PG-Edge-Container,1,0,0,0,Makefile,9,1,7,7
2026-07-07,PG-Infrastructure,1,0,0,0,Makefile,57,3,137,67
2026-07-07,PG-Sentinel,1,0,0,0,,24,2,31,24
2026-07-07,PG-Shared-Lib,1,0,0,0,Python,15,3,12,9
2026-07-07,PG-Synapse,1,0,0,0,,25,3,47,30
2026-07-07,Parsing-Media-From-JVID,8,3,1,1,Python,235,111,6,6
2026-07-07,Parsing-Media-From-PornHub,3,1,1,0,Python,1,1,2,2
2026-07-07,Platform-Genesis,2,0,0,0,Makefile,306,19,592,219
2026-07-07,RAG-With-LangChain-And-FAISS,1,0,1,0,Jupyter Notebook,8,3,4,3
2026-07-07,RESTful-API-FastAPI,1,0,1,0,Python,0,0,3,2
2026-07-07,ROI-Tool,1,0,1,0,Python,0,0,1,1
2026-07-07,The-First-PHP-Login-System,2,0,1,0,CSS,2,2,1,1
2026-07-07,Using-Streamlit-Create-Dashboard,1,0,1,0,Python,0,0,2,2
2026-07-07,Web-Crawler-Download-Img,1,0,1,0,Python,0,0,1,1
2026-07-07,Web-Crawler-FamilyMart-Shop,1,0,1,0,Python,0,0,4,3
2026-07-07,Web-Crawler-News,1,0,1,0,Python,1,1,1,1
2026-07-07,github-readme-terminal,1,0,0,0,,0,0,2,2
2026-07-08,Activity-Tracker,2,0,0,0,Python,0,0,2,2
2026-07-08,Airflow-E2E-DevEnv,1,0,0,0,Python,12,3,9,7
2026-07-08,Airflow-Template,1,0,1,0,Python,0,0,1,1
2026-07-08,Ansible-Deploy-To-Edge,1,0,0,0,Python,1,1,1,1
2026-07-08,CAED,1,0,0,0,Python,0,0,4,3
2026-07-08,Cloudflare-Dockerization,1,0,1,0,Python,0,0,3,2
2026-07-08,Crawler-Keywords-And-Use-LineBot,1,0,1,0,Python,1,1,2,2
2026-07-08,Database-Template,1,0,1,0,Python,1,1,0,0
2026-07-08,Docker-Registry-Server,1,0,0,0,,0,0,1,1
2026-07-08,Downloads-YouTube-To-MP3-4,3,0,1,0,Python,21,14,1,1
2026-07-08,Forex-Get-Quotes,3,0,1,0,Python,2,1,1,1
2026-07-08,How-To-Use-Clone-Shields,2,0,1,0,Python,22,1,2,2
2026-07-08,Junwu0615,1,0,1,0,Python,17,3,445,150
2026-07-08,Junwu0615-Analytics,1,0,0,0,Python,19,4,58,35
2026-07-08,Junwu0615.github.io,1,0,1,0,HTML,0,0,1,1
2026-07-08,LCII-Rec-Model,2,0,1,0,Python,0,0,1,1
2026-07-08,Latency-Throughput-Simulation-Test,1,0,0,0,Python,0,0,2,2
2026-07-08,LeetCode-Practice-Record,1,0,1,0,Python,0,0,1,1
2026-07-08,LeetCode-Record-Sharing-Method,1,0,1,0,Python,0,0,2,2
2026-07-08,My-English-Learning-Journey,1,0,0,0,,0,0,4,4
2026-07-08,NGROK-Dockerization,1,0,1,0,Python,1,1,6,5
2026-07-08,NVDA-Price-Stock-Prediction,1,0,1,0,Python,1,1,0,0
2026-07-08,One-Click-Database-Deployment,1,0,1,0,Python,2,1,3,3
2026-07-08,Other,1,0,1,0,Python,1,1,2,1
2026-07-08,PC-Activity-Tracker,1,0,0,0,Python,3,1,477,175
2026-07-08,PC-Bot-With-GenAI,4,0,1,0,Python,4,2,5,5
2026-07-08,PG-APP-Core,1,0,0,0,Python,20,2,55,31
2026-07-08,PG-Airflow-DAGs,1,0,0,0,Python,12,3,5,5
2026-07-08,PG-Analytics,1,0,0,0,Python,343,3,968,314
2026-07-08,PG-Core,1,0,0,0,,80,2,295,121
2026-07-08,PG-Cortex,1,0,0,0,,30,2,41,26
2026-07-08,PG-Edge-Container,1,0,0,0,Makefile,9,1,4,4
2026-07-08,PG-Infrastructure,1,0,0,0,Makefile,71,3,174,74
2026-07-08,PG-Sentinel,1,0,0,0,,24,2,32,25
2026-07-08,PG-Shared-Lib,1,0,0,0,Python,14,2,10,7
2026-07-08,PG-Synapse,1,0,0,0,,26,3,48,31
2026-07-08,Parsing-Media-From-JVID,8,3,1,1,Python,217,103,7,7
2026-07-08,Parsing-Media-From-PornHub,3,1,1,0,Python,1,1,2,2
2026-07-08,Platform-Genesis,2,0,0,0,Makefile,319,16,554,209
2026-07-08,RAG-With-LangChain-And-FAISS,1,0,1,0,Jupyter Notebook,8,3,4,3
2026-07-08,RESTful-API-FastAPI,1,0,1,0,Python,0,0,3,2
2026-07-08,ROI-Tool,1,0,1,0,Python,0,0,1,1
2026-07-08,The-First-PHP-Login-System,2,0,1,0,CSS,2,2,1,1
2026-07-08,Using-Streamlit-Create-Dashboard,1,0,1,0,Python,0,0,2,2
2026-07-08,Web-Crawler-Download-Img,1,0,1,0,Python,0,0,1,1
2026-07-08,Web-Crawler-FamilyMart-Shop,1,0,1,0,Python,0,0,3,2
2026-07-08,Web-Crawler-News,1,0,1,0,Python,1,1,1,1
2026-07-08,github-readme-terminal,1,0,0,0,,0,0,2,2
2026-07-09,Activity-Tracker,2,0,0,0,Python,0,0,1,1
2026-07-09,Airflow-E2E-DevEnv,1,0,0,0,Python,12,3,7,5
2026-07-09,Airflow-Template,1,0,1,0,Python,0,0,1,1
2026-07-09,Ansible-Deploy-To-Edge,1,0,0,0,Python,1,1,1,1
2026-07-09,CAED,1,0,0,0,Python,0,0,4,3
2026-07-09,Cloudflare-Dockerization,1,0,1,0,Python,0,0,3,2
2026-07-09,Crawler-Keywords-And-Use-LineBot,1,0,1,0,Python,1,1,1,1
2026-07-09,Database-Template,1,0,1,0,Python,1,1,0,0
2026-07-09,Docker-Registry-Server,1,0,0,0,,0,0,1,1
2026-07-09,Downloads-YouTube-To-MP3-4,3,0,1,0,Python,19,12,1,1
2026-07-09,Forex-Get-Quotes,3,0,1,0,Python,2,1,0,0
2026-07-09,How-To-Use-Clone-Shields,2,0,1,0,Python,22,1,1,1
2026-07-09,Junwu0615,1,0,1,0,Python,17,3,410,142
2026-07-09,Junwu0615-Analytics,1,0,0,0,Python,20,4,64,38
2026-07-09,Junwu0615.github.io,1,0,1,0,HTML,0,0,1,1
2026-07-09,LCII-Rec-Model,2,0,1,0,Python,0,0,1,1
2026-07-09,Latency-Throughput-Simulation-Test,1,0,0,0,Python,0,0,1,1
2026-07-09,LeetCode-Practice-Record,1,0,1,0,Python,0,0,1,1
2026-07-09,LeetCode-Record-Sharing-Method,1,0,1,0,Python,0,0,2,2
2026-07-09,My-English-Learning-Journey,1,0,0,0,,0,0,3,3
2026-07-09,NGROK-Dockerization,1,0,1,0,Python,1,1,4,3
2026-07-09,NVDA-Price-Stock-Prediction,1,0,1,0,Python,1,1,0,0
2026-07-09,One-Click-Database-Deployment,1,0,1,0,Python,2,1,3,3
2026-07-09,Other,1,0,1,0,Python,1,1,2,1
2026-07-09,PC-Activity-Tracker,1,0,0,0,Python,3,1,429,161
2026-07-09,PC-Bot-With-GenAI,4,0,1,0,Python,4,2,5,5
2026-07-09,PG-APP-Core,1,0,0,0,Python,21,2,54,30
2026-07-09,PG-Airflow-DAGs,1,0,0,0,Python,12,3,3,3
2026-07-09,PG-Analytics,1,0,0,0,Python,343,3,972,315
2026-07-09,PG-Core,1,0,0,0,,80,2,297,123
2026-07-09,PG-Cortex,1,0,0,0,,30,2,42,27
2026-07-09,PG-Edge-Container,1,0,0,0,Makefile,9,1,2,2
2026-07-09,PG-Infrastructure,1,0,0,0,Makefile,71,3,166,68
2026-07-09,PG-Sentinel,1,0,0,0,,24,2,33,26
2026-07-09,PG-Shared-Lib,1,0,0,0,Python,14,2,9,6
2026-07-09,PG-Synapse,1,0,0,0,,26,3,49,32
2026-07-09,Parsing-Media-From-JVID,8,3,1,1,Python,212,101,6,6
2026-07-09,Parsing-Media-From-PornHub,3,1,1,0,Python,1,1,2,2
2026-07-09,Platform-Genesis,2,0,0,0,Makefile,321,15,501,195
2026-07-09,RAG-With-LangChain-And-FAISS,1,0,1,0,Jupyter Notebook,7,2,4,3
2026-07-09,RESTful-API-FastAPI,1,0,1,0,Python,0,0,2,1
2026-07-09,ROI-Tool,1,0,1,0,Python,0,0,1,1
2026-07-09,The-First-PHP-Login-System,2,0,1,0,CSS,2,2,1,1
2026-07-09,Using-Streamlit-Create-Dashboard,1,0,1,0,Python,0,0,2,2
2026-07-09,Web-Crawler-Download-Img,1,0,1,0,Python,0,0,1,1
2026-07-09,Web-Crawler-FamilyMart-Shop,1,0,1,0,Python,0,0,3,2
2026-07-09,Web-Crawler-News,1,0,1,0,Python,1,1,1,1
2026-07-09,github-readme-terminal,1,0,0,0,,0,0,2,2
